{
	"Id": 0,
	"Name": "ROOT",
	"Active": true,
	"Dynamic": true,
	"Selected": true,
	"UserData": 0,
	"LocalMatrix": [1.0, 0.0, 0.0, 0.0, 0.0, 1.0, 0.0, 0.0, 0.0, 0.0, 1.0, 0.0, 0.0, 0.0, 0.0, 1.0],
	"Type": "Root",
	"Children": [{
			"Id": 1,
			"Name": "Camera_000",
			"Active": true,
			"Dynamic": true,
			"Selected": true,
			"UserData": 0,
			"LocalMatrix": [-0.07323349267244339, -0.0000012367963790893555, 0.9973070621490479, 0.0, 0.2820572257041931, 0.9591658711433411, 0.020713016390800477, 0.0, -0.9565902948379517, 0.28281670808792117, -0.07024329155683518, 0.0, -17.081371307373048, 7.347013473510742, -3.0731770992279054, 1.0],
			"Type": "Camera",
			"Up": 0.4142135679721832,
			"Down": -0.4142135679721832,
			"Right": 0.7800817489624023,
			"Left": -0.7800817489624023,
			"Near": 0.10000000149011612,
			"Far": 1000.0,
			"WorldMatrix": [-0.07323349267244339, -0.0000012367963790893555, 0.9973070621490479, 0.0, 0.2820572257041931, 0.9591658711433411, 0.020713016390800477, 0.0, -0.9565902948379517, 0.28281670808792117, -0.07024329155683518, 0.0, -17.081371307373048, 7.347013473510742, -3.0731770992279054, 1.0],
			"Orthographic": false,
			"Asymmetrical": false,
			"Infinite": true,
			"Reversed": false,
			"HasGpuBuffer": true,
			"XForms": [{
					"Class": "XForm_FreeCamera",
					"Position": [-17.081371307373048, 7.347013473510742, -3.0731770992279054],
					"Orientation": [0.09725756198167801, 0.7250232696533203, 0.10466206818819046, -0.6737360954284668],
					"MaxSpeed": 10.0,
					"MaxSpeedMultiplier": 5.0,
					"AccelerationTime": 0.10000000149011612,
					"RotationInputMultiplier": 0.10000000149011612,
					"RotationDamping": 0.00019999999494757503
				}]
		}, {
			"Id": 2,
			"Name": "Camera_001",
			"Active": true,
			"Dynamic": true,
			"Selected": false,
			"UserData": 0,
			"LocalMatrix": [1.0, 0.0, 0.0, 0.0, 0.0, 1.0, 0.0, 0.0, 0.0, 0.0, 1.0, 0.0, 0.0, 0.0, 10.0, 1.0],
			"Type": "Camera",
			"Up": 0.22169463336467744,
			"Down": -0.22169463336467744,
			"Right": 0.22169463336467744,
			"Left": -0.22169463336467744,
			"Near": 2.0,
			"Far": 16.0,
			"WorldMatrix": [1.0, 0.0, 0.0, 0.0, 0.0, 1.0, 0.0, 0.0, 0.0, 0.0, 1.0, 0.0, 0.0, 0.0, 10.0, 1.0],
			"Orthographic": false,
			"Asymmetrical": false,
			"Infinite": false,
			"Reversed": false,
			"HasGpuBuffer": true,
			"XForms": [{
					"Class": "XForm_FreeCamera",
					"Position": [0.0, 0.0, 10.0],
					"Orientation": [0.0, 0.0, 0.0, 1.0],
					"MaxSpeed": 10.0,
					"MaxSpeedMultiplier": 5.0,
					"AccelerationTime": 0.10000000149011612,
					"RotationInputMultiplier": 0.10000000149011612,
					"RotationDamping": 0.00019999999494757503
				}]
		}, {
			"Id": 3,
			"Name": "Bob",
			"Active": true,
			"Dynamic": false,
			"Selected": true,
			"UserData": 0,
			"LocalMatrix": [-4.371137762859689e-8, 0.0, -0.9999997615814209, 0.0, -0.9999997615814209, -4.371137762859689e-8, 4.371137762859689e-8, 0.0, -4.3711374075883216e-8, 0.9999997019767761, 1.9106848298899947e-15, 0.0, 0.0, 0.0, 0.34293416142463686, 1.0],
			"Type": "Object",
			"XForms": [{
					"Class": "XForm_Spin",
					"Axis": [0.0, 0.0, 1.0],
					"Rate": 1.4850000143051148
				}],
			"Components": [{
					"Class": "Component_BasicRenderable",
					"ColorAlpha": [0.9999985098838806, 0.9999899864196777, 1.0, 1.0],
					"CastShadows": true,
					"Mesh": "common/models/md5/bob_lamp_update.md5mesh",
					"Material": ["", "common/materials/BasicMaterial.json", "common/materials/BasicMaterial.json", "common/materials/BasicMaterial.json", "common/materials/BasicMaterial.json", "common/materials/BasicMaterial.json", "common/materials/BasicMaterial.json"]
				}]
		}, {
			"Id": 4,
			"Name": "RedTeapot",
			"Active": true,
			"Dynamic": true,
			"Selected": false,
			"UserData": 0,
			"LocalMatrix": [1.0, 0.0, 0.0, 0.0, 0.0, 1.0, 0.0, 0.0, 0.0, 0.0, 1.0, 0.0, 2.076662540435791, 1.1862008571624756, 2.1409950256347658, 1.0],
			"Type": "Object",
			"Components": [{
					"Class": "Component_BasicRenderable",
					"ColorAlpha": [1.0, 0.0, 0.0, 1.0],
					"CastShadows": true,
					"Mesh": "common/models/teapot.obj",
					"Material": ["common/materials/BasicMaterial.json"]
				}]
		}, {
			"Id": 5,
			"Name": "GreenTeapot",
			"Active": true,
			"Dynamic": true,
			"Selected": false,
			"UserData": 0,
			"LocalMatrix": [1.0, 0.0, 0.0, 0.0, 0.0, 1.0, 0.0, 0.0, 0.0, 0.0, 1.0, 0.0, 0.0, 0.0, 0.0, 1.0],
			"Type": "Object",
			"Components": [{
					"Class": "Component_BasicRenderable",
					"ColorAlpha": [0.0, 1.0, 0.0, 1.0],
					"CastShadows": true,
					"Mesh": "common/models/teapot.obj",
					"Material": ["common/materials/BasicMaterial.json"]
				}]
		}, {
			"Id": 6,
			"Name": "BlueTeapot",
			"Active": true,
			"Dynamic": true,
			"Selected": false,
			"UserData": 0,
			"LocalMatrix": [1.0, 0.0, 0.0, 0.0, 0.0, 1.0, 0.0, 0.0, 0.0, 0.0, 1.0, 0.0, 0.0, 1.646813154220581, -2.470064401626587, 1.0],
			"Type": "Object",
			"Components": [{
					"Class": "Component_BasicRenderable",
					"ColorAlpha": [0.0, 0.0, 1.0, 1.0],
					"CastShadows": true,
					"Mesh": "common/models/teapot.obj",
					"Material": ["common/materials/BasicMaterial.json"]
				}]
		}, {
			"Id": 8,
			"Name": "Floor",
			"Active": true,
			"Dynamic": true,
			"Selected": true,
			"UserData": 0,
			"LocalMatrix": [49.24976348876953, 0.0, 0.0, 0.0, 0.0, 8.698509216308594, 0.0, 0.0, 0.0, 0.0, 61.78111267089844, 0.0, 0.0, -4.927709579467773, 0.158469557762146, 1.0],
			"Type": "Object",
			"Components": [{
					"Class": "Component_BasicRenderable",
					"ColorAlpha": [1.0, 1.0, 1.0, 1.0],
					"CastShadows": true,
					"Mesh": "common/models/box.obj",
					"Material": ["common/materials/BasicMaterial.json"]
				}]
		}, {
			"Id": 9,
			"Name": "DirectLight",
			"Active": true,
			"Dynamic": true,
			"Selected": false,
			"UserData": 0,
			"LocalMatrix": [1.0, 0.0, 0.0, 0.0, 0.0, -0.8979201316833496, -0.4401598572731018, 0.0, 0.0, 0.4401598572731018, -0.8979201316833496, 0.0, 0.0, 1.940359115600586, 4.448724746704102, 1.0],
			"Type": "Object",
			"Components": [{
					"Class": "Component_BasicLight",
					"Type": "Direct",
					"ColorBrightness": [0.9999899864196777, 0.999993622303009, 1.0, 2.0],
					"LinearAttenuation": [0.0, 0.0],
					"RadialAttenuation": [0.0, 0.0]
				}]
		}, {
			"Id": 10,
			"Name": "Box",
			"Active": true,
			"Dynamic": true,
			"Selected": true,
			"UserData": 0,
			"LocalMatrix": [2.528575897216797, 0.0, 0.0, 0.0, 0.0, 2.528575897216797, 0.0, 0.0, 0.0, 0.0, 2.528575897216797, 0.0, 1.9305706024169922, 0.7568217515945435, 7.8976287841796879, 1.0],
			"Type": "Object",
			"Components": [{
					"Class": "Component_BasicRenderable",
					"ColorAlpha": [1.0, 1.0, 1.0, 1.0],
					"CastShadows": true,
					"Mesh": "common/models/box.obj",
					"Material": ["common/materials/TestMaterial.json"]
				}]
		}, {
			"Id": 11,
			"Name": "PointLight1",
			"Active": true,
			"Dynamic": true,
			"Selected": false,
			"UserData": 0,
			"LocalMatrix": [1.0, 0.0, 0.0, 0.0, 0.0, 1.0, 0.0, 0.0, 0.0, 0.0, 1.0, 0.0, -0.000011444091796875, 2.5238542556762697, 5.279358863830566, 1.0],
			"Type": "Object",
			"Components": [{
					"Class": "Component_BasicLight",
					"Type": "Point",
					"ColorBrightness": [1.0, 0.2647058963775635, 0.0, 8.0],
					"LinearAttenuation": [0.0, 8.90000057220459],
					"RadialAttenuation": [0.0, 0.0]
				}]
		}, {
			"Id": 12,
			"Name": "PointLight2",
			"Active": true,
			"Dynamic": true,
			"Selected": false,
			"UserData": 0,
			"LocalMatrix": [1.0, 0.0, 0.0, 0.0, 0.0, 1.0, 0.0, 0.0, 0.0, 0.0, 1.0, 0.0, 6.6403422355651859, 0.5880149602890015, 4.3394389152526859, 1.0],
			"Type": "Object",
			"Components": [{
					"Class": "Component_BasicLight",
					"Type": "Point",
					"ColorBrightness": [0.0, 0.2619509696960449, 1.0, 8.0],
					"LinearAttenuation": [0.0, 16.0],
					"RadialAttenuation": [0.0, 0.0]
				}]
		}],
	"DrawCameraId": 1,
	"CullCameraId": 1
}