{
	"Id": 0,
	"Name": "ROOT",
	"Active": true,
	"Dynamic": true,
	"Selected": true,
	"UserData": 0,
	"LocalMatrix": [1.0, 0.0, 0.0, 0.0, 0.0, 1.0, 0.0, 0.0, 0.0, 0.0, 1.0, 0.0, 0.0, 0.0, 0.0, 1.0],
	"Type": "Root",
	"Children": [{
			"Id": 1,
			"Name": "Camera_000",
			"Active": true,
			"Dynamic": true,
			"Selected": true,
			"UserData": 0,
			"LocalMatrix": [-0.03494131565093994, -1.4901161193847657e-8, 0.9993858933448792, 0.0, 0.40429937839508059, 0.9145137071609497, 0.0141354501247406, 0.0, -0.9139552712440491, 0.4045464098453522, -0.031954407691955569, 0.0, -29.04160499572754, 15.150018692016602, -0.9701822400093079, 1.0],
			"Type": "Camera",
			"Up": 0.4142135679721832,
			"Down": -0.4142135679721832,
			"Right": 0.8115940690040588,
			"Left": -0.8115940690040588,
			"Near": 0.10000000149011612,
			"Far": 1000.0,
			"WorldMatrix": [-0.03494131565093994, -1.4901161193847657e-8, 0.9993858933448792, 0.0, 0.40429937839508059, 0.9145137071609497, 0.0141354501247406, 0.0, -0.9139552712440491, 0.4045464098453522, -0.031954407691955569, 0.0, -29.04160499572754, 15.150018692016602, -0.9701822400093079, 1.0],
			"Orthographic": false,
			"Asymmetrical": false,
			"Infinite": true,
			"Reversed": false,
			"HasGpuBuffer": true,
			"XForms": [{
					"Class": "XForm_FreeCamera",
					"Position": [-29.04160499572754, 15.150018692016602, -0.9701822400093079],
					"Orientation": [-0.14361053705215455, -0.7038121223449707, -0.14871932566165925, 0.6796349287033081],
					"MaxSpeed": 10.0,
					"MaxSpeedMultiplier": 5.0,
					"AccelerationTime": 0.10000000149011612,
					"RotationInputMultiplier": 0.10000000149011612,
					"RotationDamping": 0.00019999999494757503
				}]
		}, {
			"Id": 2,
			"Name": "Camera_001",
			"Active": true,
			"Dynamic": true,
			"Selected": false,
			"UserData": 0,
			"LocalMatrix": [1.0, 0.0, 0.0, 0.0, 0.0, 1.0, 0.0, 0.0, 0.0, 0.0, 1.0, 0.0, 0.0, 0.0, 13.154132843017579, 1.0],
			"Type": "Camera",
			"Up": 6.0,
			"Down": -6.0,
			"Right": 6.0,
			"Left": -6.0,
			"Near": 1.0,
			"Far": 24.0,
			"WorldMatrix": [1.0, 0.0, 0.0, 0.0, 0.0, 1.0, 0.0, 0.0, 0.0, 0.0, 1.0, 0.0, 0.0, 0.0, 13.154132843017579, 1.0],
			"Orthographic": true,
			"Asymmetrical": false,
			"Infinite": true,
			"Reversed": false,
			"HasGpuBuffer": true,
			"XForms": [{
					"Class": "XForm_FreeCamera",
					"Position": [0.0, 0.0, 13.154132843017579],
					"Orientation": [0.0, 0.0, 0.0, 1.0],
					"MaxSpeed": 10.0,
					"MaxSpeedMultiplier": 5.0,
					"AccelerationTime": 0.10000000149011612,
					"RotationInputMultiplier": 0.10000000149011612,
					"RotationDamping": 0.00019999999494757503
				}]
		}],
	"DrawCameraId": 1,
	"CullCameraId": 1
}