{
	"Id": 0,
	"Name": "ROOT",
	"Active": true,
	"Dynamic": true,
	"Selected": true,
	"UserData": 0,
	"LocalMatrix": [1.0, 0.0, 0.0, 0.0, 0.0, 1.0, 0.0, 0.0, 0.0, 0.0, 1.0, 0.0, 0.0, 0.0, 0.0, 1.0],
	"Type": "Root",
	"Children": [{
			"Id": 1,
			"Name": "Camera_000",
			"Active": true,
			"Dynamic": true,
			"Selected": true,
			"UserData": 0,
			"LocalMatrix": [-0.05762166157364845, -0.000002771615982055664, 0.9983335733413696, 0.0, 0.6278740167617798, 0.7774643301963806, 0.03624171018600464, 0.0, -0.7761727571487427, 0.6289190649986267, -0.044797297567129138, 0.0, -17.793344497680665, 13.460227012634278, 0.7152104377746582, 1.0],
			"Type": "Camera",
			"Up": 0.4142135679721832,
			"Down": -0.4142135679721832,
			"Right": 0.801459014415741,
			"Left": -0.801459014415741,
			"Near": 0.10000000149011612,
			"Far": 1000.0,
			"WorldMatrix": [-0.05762166157364845, -0.000002771615982055664, 0.9983335733413696, 0.0, 0.6278740167617798, 0.7774643301963806, 0.03624171018600464, 0.0, -0.7761727571487427, 0.6289190649986267, -0.044797297567129138, 0.0, -17.793344497680665, 13.460227012634278, 0.7152104377746582, 1.0],
			"Orthographic": false,
			"Asymmetrical": false,
			"Infinite": true,
			"Reversed": false,
			"HasGpuBuffer": true,
			"XForms": [{
					"Class": "XForm_FreeCamera",
					"Position": [-17.793344497680665, 13.460227012634278, 0.7152104377746582],
					"Orientation": [0.22896847128868104, 0.6855432987213135, 0.2425670176744461, -0.6471167802810669],
					"MaxSpeed": 10.0,
					"MaxSpeedMultiplier": 5.0,
					"AccelerationTime": 0.10000000149011612,
					"RotationInputMultiplier": 0.10000000149011612,
					"RotationDamping": 0.00019999999494757503
				}]
		}, {
			"Id": 2,
			"Name": "Camera_001",
			"Active": true,
			"Dynamic": true,
			"Selected": false,
			"UserData": 0,
			"LocalMatrix": [1.0, 0.0, 0.0, 0.0, 0.0, 1.0, 0.0, 0.0, 0.0, 0.0, 1.0, 0.0, 0.0, 0.0, 10.0, 1.0],
			"Type": "Camera",
			"Up": 0.22169463336467744,
			"Down": -0.22169463336467744,
			"Right": 0.22169463336467744,
			"Left": -0.22169463336467744,
			"Near": 2.0,
			"Far": 16.0,
			"WorldMatrix": [1.0, 0.0, 0.0, 0.0, 0.0, 1.0, 0.0, 0.0, 0.0, 0.0, 1.0, 0.0, 0.0, 0.0, 10.0, 1.0],
			"Orthographic": false,
			"Asymmetrical": false,
			"Infinite": false,
			"Reversed": false,
			"HasGpuBuffer": true,
			"XForms": [{
					"Class": "XForm_FreeCamera",
					"Position": [0.0, 0.0, 10.0],
					"Orientation": [0.0, 0.0, 0.0, 1.0],
					"MaxSpeed": 10.0,
					"MaxSpeedMultiplier": 5.0,
					"AccelerationTime": 0.10000000149011612,
					"RotationInputMultiplier": 0.10000000149011612,
					"RotationDamping": 0.00019999999494757503
				}]
		}, {
			"Id": 3,
			"Name": "Object_000",
			"Active": true,
			"Dynamic": true,
			"Selected": true,
			"UserData": 0,
			"LocalMatrix": [1.0, 0.0, 0.0, 0.0, 0.0, 1.0, 0.0, 0.0, 0.0, 0.0, 1.0, 0.0, 0.0, 0.0, 0.0, 1.0],
			"Type": "Object",
			"Components": [{
					"Class": "Component_BasicRenderable",
					"Mesh": "common/models/teapot.obj",
					"Material": ["materials/BasicMaterial.json"]
				}]
		}],
	"DrawCameraId": 1,
	"CullCameraId": 1
}