{
	"Id": 0,
	"Name": "ROOT",
	"Active": true,
	"Dynamic": true,
	"Selected": true,
	"UserData": 0,
	"LocalMatrix": [1.0, 0.0, 0.0, 0.0, 0.0, 1.0, 0.0, 0.0, 0.0, 0.0, 1.0, 0.0, 0.0, 0.0, 0.0, 1.0],
	"Type": "Root",
	"Children": [{
			"Id": 1,
			"Name": "Camera_000",
			"Active": true,
			"Dynamic": true,
			"Selected": true,
			"UserData": 0,
			"LocalMatrix": [-0.022590994834899904, -0.0000023245811462402345, 0.9997408390045166, 0.0, 0.5792519450187683, 0.8150385022163391, 0.013091176748275757, 0.0, -0.8148305416107178, 0.579399824142456, -0.01841127872467041, 0.0, -17.793344497680665, 13.460227012634278, 0.7152104377746582, 1.0],
			"Type": "Camera",
			"Up": 0.4142135679721832,
			"Down": -0.4142135679721832,
			"Right": 0.8115940690040588,
			"Left": -0.8115940690040588,
			"Near": 0.10000000149011612,
			"Far": 1000.0,
			"WorldMatrix": [-0.022590994834899904, -0.0000023245811462402345, 0.9997408390045166, 0.0, 0.5792519450187683, 0.8150385022163391, 0.013091176748275757, 0.0, -0.8148305416107178, 0.579399824142456, -0.01841127872467041, 0.0, -17.793344497680665, 13.460227012634278, 0.7152104377746582, 1.0],
			"Orthographic": false,
			"Asymmetrical": false,
			"Infinite": true,
			"Reversed": false,
			"HasGpuBuffer": true,
			"XForms": [{
					"Class": "XForm_FreeCamera",
					"Position": [-17.793344497680665, 13.460227012634278, 0.7152104377746582],
					"Orientation": [-0.212589830160141, -0.6811822056770325, -0.21744954586029054, 0.6659640073776245],
					"MaxSpeed": 10.0,
					"MaxSpeedMultiplier": 5.0,
					"AccelerationTime": 0.10000000149011612,
					"RotationInputMultiplier": 0.10000000149011612,
					"RotationDamping": 0.00019999999494757503
				}]
		}, {
			"Id": 2,
			"Name": "Camera_001",
			"Active": true,
			"Dynamic": true,
			"Selected": false,
			"UserData": 0,
			"LocalMatrix": [1.0, 0.0, 0.0, 0.0, 0.0, 1.0, 0.0, 0.0, 0.0, 0.0, 1.0, 0.0, 0.0, 0.0, 10.0, 1.0],
			"Type": "Camera",
			"Up": 0.22169463336467744,
			"Down": -0.22169463336467744,
			"Right": 0.22169463336467744,
			"Left": -0.22169463336467744,
			"Near": 2.0,
			"Far": 16.0,
			"WorldMatrix": [1.0, 0.0, 0.0, 0.0, 0.0, 1.0, 0.0, 0.0, 0.0, 0.0, 1.0, 0.0, 0.0, 0.0, 10.0, 1.0],
			"Orthographic": false,
			"Asymmetrical": false,
			"Infinite": false,
			"Reversed": false,
			"HasGpuBuffer": true,
			"XForms": [{
					"Class": "XForm_FreeCamera",
					"Position": [0.0, 0.0, 10.0],
					"Orientation": [0.0, 0.0, 0.0, 1.0],
					"MaxSpeed": 10.0,
					"MaxSpeedMultiplier": 5.0,
					"AccelerationTime": 0.10000000149011612,
					"RotationInputMultiplier": 0.10000000149011612,
					"RotationDamping": 0.00019999999494757503
				}]
		}],
	"DrawCameraId": 1,
	"CullCameraId": 1
}