{
	"Id": 0,
	"Name": "ROOT",
	"Active": true,
	"Dynamic": true,
	"Selected": true,
	"UserData": 0,
	"LocalMatrix": [1.0, 0.0, 0.0, 0.0, 0.0, 1.0, 0.0, 0.0, 0.0, 0.0, 1.0, 0.0, 0.0, 0.0, 0.0, 1.0],
	"Type": "Root",
	"Children": [{
			"Id": 1,
			"Name": "Camera_000",
			"Active": true,
			"Dynamic": true,
			"Selected": true,
			"UserData": 0,
			"LocalMatrix": [-0.03621760010719299, -6.854534149169922e-7, 0.9993560314178467, 0.0, 0.998846173286438, 0.03193899989128113, 0.03619915246963501, 0.0, -0.031918078660964969, 0.9995018839836121, -0.0011560618877410889, 0.0, -5.998817443847656, 4.882143020629883, 0.32536184787750246, 1.0],
			"Type": "Camera",
			"Up": 0.4142135679721832,
			"Down": -0.4142135679721832,
			"Right": 0.7698838710784912,
			"Left": -0.7698838710784912,
			"Near": 0.10000000149011612,
			"Far": 1000.0,
			"WorldMatrix": [-0.03621760010719299, -6.854534149169922e-7, 0.9993560314178467, 0.0, 0.998846173286438, 0.03193899989128113, 0.03619915246963501, 0.0, -0.031918078660964969, 0.9995018839836121, -0.0011560618877410889, 0.0, -5.998817443847656, 4.882143020629883, 0.32536184787750246, 1.0],
			"Orthographic": false,
			"Asymmetrical": false,
			"Infinite": true,
			"Reversed": false,
			"HasGpuBuffer": true,
			"XForms": [{
					"Class": "XForm_FreeCamera",
					"Position": [-5.998817443847656, 4.882143020629883, 0.32536184787750246],
					"Orientation": [0.48296260833740237, 0.5170407891273499, 0.5007830262184143, -0.4986425042152405],
					"MaxSpeed": 10.0,
					"MaxSpeedMultiplier": 5.0,
					"AccelerationTime": 0.10000000149011612,
					"RotationInputMultiplier": 0.10000000149011612,
					"RotationDamping": 0.00019999999494757503
				}]
		}, {
			"Id": 2,
			"Name": "ImageLight",
			"Active": true,
			"Dynamic": true,
			"Selected": true,
			"UserData": 0,
			"LocalMatrix": [1.0, 0.0, 0.0, 0.0, 0.0, 1.0, 0.0, 0.0, 0.0, 0.0, 1.0, 0.0, 0.0, 0.0, 0.0, 1.0],
			"Type": "Object",
			"Components": [{
					"Class": "Component_ImageLight",
					"Path": "common/textures/env_sky.exr",
					"IsBackground": true,
					"Brightness": 4.0
				}]
		}, {
			"Id": 3,
			"Name": "FloorPlane",
			"Active": true,
			"Dynamic": false,
			"Selected": false,
			"UserData": 0,
			"LocalMatrix": [1.0, 0.0, 0.0, 0.0, 0.0, 1.0, 0.0, 0.0, 0.0, 0.0, 1.0, 0.0, 0.0, 0.0, 0.0, 1.0],
			"Type": "Object",
			"Components": [{
					"Class": "Component_BasicRenderable",
					"ColorAlpha": [1.0, 1.0, 1.0, 1.0],
					"CastShadows": false,
					"Mesh": "common/models/Plane_100.obj",
					"Material": ["common/materials/Grid2Dark.json"]
				}]
		}, {
			"Id": 4,
			"Name": "SunLight",
			"Active": true,
			"Dynamic": true,
			"Selected": false,
			"UserData": 0,
			"LocalMatrix": [0.558831512928009, 0.6934553980827332, 0.45478183031082156, 0.0, 0.4473205506801605, 0.20971083641052247, -0.869432270526886, 0.0, -0.6982631683349609, 0.6892776489257813, -0.1929977685213089, 0.0, 0.0, 3.0, 0.0, 1.0],
			"Type": "Object",
			"Components": [{
					"Class": "Component_BasicLight",
					"Type": "Direct",
					"ColorBrightness": [1.0, 1.0, 1.0, 20.0],
					"Radius": 5.0,
					"ConeInnerAngle": 1.0,
					"ConeOuterAngle": 20.0,
					"CastShadows": true
				}]
		}, {
			"Id": 5,
			"Name": "Mire1",
			"Active": true,
			"Dynamic": true,
			"Selected": false,
			"UserData": 0,
			"LocalMatrix": [1.0, 0.0, 0.0, 0.0, 0.0, 1.0, 0.0, 0.0, 0.0, 0.0, 1.0, 0.0, 0.0, 0.4000000059604645, -1.5, 1.0],
			"Type": "Object",
			"Components": [{
					"Class": "Component_BasicRenderable",
					"ColorAlpha": [1.0, 1.0, 1.0, 1.0],
					"CastShadows": true,
					"Mesh": "common/models/SphereMire_2x10.obj",
					"Material": ["common/materials/Mire2Dielectric.json"]
				}]
		}, {
			"Id": 6,
			"Name": "Mire2",
			"Active": true,
			"Dynamic": true,
			"Selected": false,
			"UserData": 0,
			"LocalMatrix": [1.0, 0.0, 0.0, 0.0, 0.0, 1.0, 0.0, 0.0, 0.0, 0.0, 1.0, 0.0, 1.600000023841858, 0.30000001192092898, 1.8000000715255738, 1.0],
			"Type": "Object",
			"Components": [{
					"Class": "Component_BasicRenderable",
					"ColorAlpha": [1.0, 1.0, 1.0, 1.0],
					"CastShadows": true,
					"Mesh": "common/models/SphereMire_5x5.obj",
					"Material": ["common/materials/Mire1.json"]
				}]
		}, {
			"Id": 8,
			"Name": "Box1",
			"Active": true,
			"Dynamic": true,
			"Selected": false,
			"UserData": 0,
			"LocalMatrix": [1.0, 0.0, 0.0, 0.0, 0.0, 1.0, 0.0, 0.0, 0.0, 0.0, 1.0, 0.0, 0.0, 0.0, 0.0, 1.0],
			"Type": "Object",
			"XForms": [{
					"Class": "XForm_PositionTarget",
					"Start": [-6.0, 0.800000011920929, 0.0],
					"End": [-6.0, 0.800000011920929, 3.0],
					"Duration": 0.5,
					"OnComplete": "XForm::Reverse"
				}],
			"Components": [{
					"Class": "Component_BasicRenderable",
					"ColorAlpha": [1.0, 0.9999899864196777, 0.9999899864196777, 1.0],
					"CastShadows": true,
					"Mesh": "common/models/Box_1.obj",
					"Material": ["common/materials/Grid2Dark.json"]
				}]
		}, {
			"Id": 9,
			"Name": "Box2",
			"Active": true,
			"Dynamic": true,
			"Selected": false,
			"UserData": 0,
			"LocalMatrix": [1.0, 0.0, 0.0, 0.0, 0.0, 1.0, 0.0, 0.0, 0.0, 0.0, 1.0, 0.0, -5.900000095367432, 0.800000011920929, -1.100000023841858, 1.0],
			"Type": "Object",
			"XForms": [{
					"Class": "XForm_Spin",
					"Axis": [0.0, 0.0, 1.0],
					"Rate": 8.0
				}],
			"Components": [{
					"Class": "Component_BasicRenderable",
					"ColorAlpha": [1.0, 1.0, 1.0, 1.0],
					"CastShadows": true,
					"Mesh": "common/models/Box_1.obj",
					"Material": ["common/materials/Grid2Dark.json"]
				}]
		}, {
			"Id": 13,
			"Name": "Gears",
			"Active": true,
			"Dynamic": true,
			"Selected": false,
			"UserData": 0,
			"LocalMatrix": [-4.371137762859689e-8, 0.0, -0.9999997615814209, 0.0, 0.0, 1.0, 0.0, 0.0, 0.9999997615814209, 0.0, -4.371137762859689e-8, 0.0, -5.746128559112549, 1.3008214235305787, 0.0, 1.0],
			"Type": "Root",
			"Children": [{
					"Id": 10,
					"Name": "Gear1",
					"Active": true,
					"Dynamic": true,
					"Selected": false,
					"UserData": 0,
					"LocalMatrix": [0.9659255146980286, 0.0, 0.25881895422935488, 0.0, 0.0, 1.0, 0.0, 0.0, -0.25881895422935488, 0.0, 0.9659255146980286, 0.0, 0.0, 0.699999988079071, -0.4000000059604645, 1.0],
					"Type": "Object",
					"XForms": [{
							"Class": "XForm_Spin",
							"Axis": [0.0, 1.0, 0.0],
							"Rate": 4.0
						}],
					"Components": [{
							"Class": "Component_BasicRenderable",
							"ColorAlpha": [0.6227757930755615, 0.0, 0.0930844247341156, 1.0],
							"CastShadows": true,
							"Mesh": "common/models/Gear_1.gltf",
							"Material": ["common/materials/BasicMaterial.json", ""]
						}]
				}, {
					"Id": 11,
					"Name": "Gear2",
					"Active": true,
					"Dynamic": true,
					"Selected": true,
					"UserData": 0,
					"LocalMatrix": [1.0, 0.0, 0.0, 0.0, 0.0, 1.0, 0.0, 0.0, 0.0, 0.0, 1.0, 0.0, -1.0284857749938965, 0.699999988079071, -0.4000000059604645, 1.0],
					"Type": "Object",
					"XForms": [{
							"Class": "XForm_Spin",
							"Axis": [0.0, 1.0, 0.0],
							"Rate": -4.0
						}],
					"Components": [{
							"Class": "Component_BasicRenderable",
							"ColorAlpha": [0.08890468627214432, 0.4804270267486572, 0.0, 1.0],
							"CastShadows": true,
							"Mesh": "common/models/Gear_1.gltf",
							"Material": ["common/materials/BasicMaterial.json", ""]
						}]
				}, {
					"Id": 15,
					"Name": "Gear3",
					"Active": true,
					"Dynamic": true,
					"Selected": true,
					"UserData": 0,
					"LocalMatrix": [-0.6306456327438355, 0.0, 0.7760434746742249, 0.0, 0.0, 1.0, 0.0, 0.0, -0.7760434746742249, 0.0, -0.6306456327438355, 0.0, -1.0386899709701539, 0.6991786956787109, 0.39525938034057619, 1.0],
					"Type": "Object",
					"XForms": [{
							"Class": "XForm_Spin",
							"Axis": [0.0, 1.0, 0.0],
							"Rate": 4.0
						}],
					"Components": [{
							"Class": "Component_BasicRenderable",
							"ColorAlpha": [0.0, 0.0779588371515274, 0.5693950057029724, 1.0],
							"CastShadows": true,
							"Mesh": "common/models/Gear_2.gltf",